,altitude,heading,latitude,longitude,pitch,roll,time_gps
0,158.947,-24.4563121796,37.8371104153,114.391218574,-0.681173145771,0.422986537218,0.0
1,158.934,-24.4563121796,37.8371103805,114.391218581,-0.686666488647,0.422986537218,0.136069774628
2,158.939,-24.4508190155,37.8371103737,114.391218551,-0.686666488647,0.428479880095,0.199513435364
3,158.938,-24.4563121796,37.8371103712,114.391218554,-0.681173145771,0.433973193169,0.335781812668
4,158.938,-24.4563121796,37.8371103785,114.391218579,-0.681173145771,0.428479880095,0.399483442307
5,158.939,-24.4563121796,37.837110372,114.391218541,-0.686666488647,0.428479880095,0.524117708206
6,158.941,-24.4508190155,37.8371103687,114.391218576,-0.686666488647,0.422986537218,0.600045919418
7,158.933,-24.4563121796,37.8371103853,114.391218534,-0.686666488647,0.428479880095,0.724684715271
8,158.943,-24.4563121796,37.8371103655,114.391218522,-0.681173145771,0.428479880095,0.801198959351
9,158.94,-24.4508190155,37.8371103643,114.391218524,-0.681173145771,0.428479880095,0.934040784836
10,158.942,-24.4563121796,37.8371103825,114.391218518,-0.686666488647,0.428479880095,1.00061869621
11,158.941,-24.4563121796,37.8371103623,114.391218522,-0.686666488647,0.428479880095,1.12396860123
12,158.936,-24.4508190155,37.8371103837,114.391218534,-0.681173145771,0.428479880095,1.20090103149
13,158.937,-24.4563121796,37.8371103733,114.391218532,-0.686666488647,0.428479880095,1.32486629486
14,158.939,-24.4563121796,37.8371103717,114.391218535,-0.686666488647,0.428479880095,1.40000939369
15,158.942,-24.4508190155,37.8371103437,114.391218542,-0.686666488647,0.428479880095,1.5257256031
16,158.936,-24.4563121796,37.8371103813,114.391218537,-0.681173145771,0.428479880095,1.61695790291
17,158.941,-24.4563121796,37.837110365,114.391218518,-0.686666488647,0.428479880095,1.73524737358
18,158.938,-24.4508190155,37.8371103748,114.391218553,-0.686666488647,0.428479880095,1.79994606972
19,158.937,-24.4563121796,37.8371103702,114.39121852,-0.686666488647,0.422986537218,1.93978524208
20,158.938,-24.4563121796,37.8371103673,114.39121856,-0.681173145771,0.417493224144,1.99927473068
21,158.95,-24.4508190155,37.8371103687,114.391218534,-0.670186460018,0.444959878922,2.13395595551
22,158.945,-24.4508190155,37.8371104138,114.391218553,-0.675679802895,0.428479880095,2.19955420494
23,158.953,-24.4618053436,37.837110417,114.391218576,-0.675679802895,0.439466536045,2.33288145065
24,158.948,-24.4563121796,37.8371104565,114.391218581,-0.670186460018,0.433973193169,2.3996090889
25,158.954,-24.4563121796,37.8371104933,114.391218596,-0.664693117142,0.439466536045,2.53182268143
26,158.95,-24.4563121796,37.837110543,114.391218649,-0.670186460018,0.439466536045,2.60041880608
27,158.95,-24.4563121796,37.8371105633,114.391218622,-0.664693117142,0.439466536045,2.72568416595
28,158.952,-24.4563121796,37.8371105987,114.391218689,-0.664693117142,0.439466536045,2.80046200752
29,158.948,-24.4563121796,37.8371106837,114.391218733,-0.670186460018,0.433973193169,2.93733763695
30,158.947,-24.4563121796,37.8371106998,114.391218749,-0.664693117142,0.439466536045,2.99927449226
31,158.947,-24.4563121796,37.8371107365,114.391218764,-0.65919983387,0.439466536045,3.13365793228
32,158.947,-24.4508190155,37.837110772,114.391218806,-0.664693117142,0.444959878922,3.1991443634
33,158.945,-24.4508190155,37.8371108145,114.39121883,-0.65919983387,0.439466536045,3.33317708969
34,158.946,-24.4563121796,37.837110851,114.391218813,-0.65919983387,0.444959878922,3.40204930305
35,158.947,-24.4508190155,37.8371108543,114.391218827,-0.65919983387,0.439466536045,3.52288174629
36,158.942,-24.4563121796,37.8371108897,114.391218855,-0.65919983387,0.444959878922,3.60066342354
37,158.95,-24.4563121796,37.8371109168,114.391218876,-0.653706490993,0.444959878922,3.72321796417
38,158.953,-24.4563121796,37.8371109218,114.391218871,-0.65919983387,0.444959878922,3.79964256287
39,158.949,-24.4508190155,37.8371109398,114.391218862,-0.653706490993,0.444959878922,3.9425675869
40,158.945,-24.4563121796,37.837110963,114.391218876,-0.653706490993,0.444959878922,4.00156831741
41,158.953,-24.4563121796,37.8371109498,114.391218863,-0.653706490993,0.444959878922,4.13295149803
42,158.946,-24.4563121796,37.8371109938,114.391218884,-0.653706490993,0.444959878922,4.20069956779
43,158.954,-24.4563121796,37.8371109802,114.391218909,-0.653706490993,0.444959878922,4.3321390152
44,158.946,-24.4563121796,37.8371110087,114.39121891,-0.653706490993,0.444959878922,4.3986518383
45,158.946,-24.4563121796,37.837110985,114.391218915,-0.653706490993,0.444959878922,4.52527070045
46,158.952,-24.4563121796,37.8371109672,114.391218889,-0.653706490993,0.444959878922,4.60057473183
47,158.944,-24.4563121796,37.8371109965,114.391218902,-0.653706490993,0.444959878922,4.74085330963
48,158.948,-24.4563121796,37.8371109882,114.391218896,-0.653706490993,0.444959878922,4.80278778076
49,158.945,-24.4563121796,37.8371109913,114.391218873,-0.653706490993,0.439466536045,4.94002270699
50,158.947,-24.4563121796,37.8371109788,114.39121891,-0.653706490993,0.444959878922,4.99887657166
51,158.945,-24.4563121796,37.8371109935,114.391218906,-0.653706490993,0.450453191996,5.12518787384
52,158.943,-24.4563121796,37.8371109897,114.391218887,-0.653706490993,0.450453191996,5.1984899044
53,158.95,-24.4563121796,37.8371109877,114.391218884,-0.653706490993,0.444959878922,5.33628082275
54,158.949,-24.4563121796,37.8371109802,114.391218875,-0.653706490993,0.444959878922,5.39884877205
55,158.948,-24.4563121796,37.8371109753,114.391218935,-0.653706490993,0.450453191996,5.53325986862
56,158.947,-24.4563121796,37.8371109565,114.391218882,-0.653706490993,0.450453191996,5.59910392761
57,158.943,-24.4563121796,37.8371109888,114.391218911,-0.653706490993,0.450453191996,5.7402908802
58,158.946,-24.4563121796,37.8371109813,114.391218881,-0.653706490993,0.444959878922,5.79835438728
59,158.945,-24.4563121796,37.8371109833,114.391218893,-0.653706490993,0.444959878922,5.93485689163
60,158.943,-24.4563121796,37.8371109875,114.391218896,-0.653706490993,0.444959878922,5.99921178818
61,158.951,-24.4563121796,37.8371109875,114.391218913,-0.653706490993,0.444959878922,6.13215923309
62,158.948,-24.4563121796,37.837111005,114.391218889,-0.65919983387,0.444959878922,6.1987695694
63,158.952,-24.4563121796,37.8371109807,114.391218904,-0.65919983387,0.444959878922,6.33316612244
64,158.95,-24.4563121796,37.8371110005,114.391218907,-0.653706490993,0.450453191996,6.39993929863
65,158.949,-24.4563121796,37.8371109977,114.391218893,-0.653706490993,0.444959878922,6.52254915237
66,158.952,-24.4563121796,37.8371109865,114.391218895,-0.653706490993,0.444959878922,6.60068964958
67,158.952,-24.4563121796,37.837110985,114.391218897,-0.653706490993,0.450453191996,6.7247531414
68,158.951,-24.4563121796,37.8371110088,114.391218935,-0.648213148117,0.450453191996,6.79989624023
69,158.95,-24.4563121796,37.8371110492,114.391218902,-0.642719805241,0.450453191996,6.93501496315
70,158.949,-24.4618053436,37.837111121,114.391218963,-0.642719805241,0.444959878922,6.99910211563
71,158.945,-24.4618053436,37.83711115,114.391218985,-0.642719805241,0.450453191996,7.13422775269
72,158.947,-24.4618053436,37.8371112647,114.391219034,-0.631733119488,0.450453191996,7.19867563248
73,158.945,-24.4618053436,37.8371114212,114.391219148,-0.615253150463,0.466933190823,7.33455610275
74,158.945,-24.4672985077,37.8371115733,114.391219194,-0.615253150463,0.466933190823,7.39978432655
75,158.943,-24.4672985077,37.8371117085,114.391219313,-0.637226462364,0.461439877748,7.53262042999
76,158.94,-24.4727935791,37.8371118978,114.391219423,-0.626239836216,0.477919846773,7.59982800484
77,158.947,-24.4727935791,37.8371120893,114.391219509,-0.615253150463,0.477919846773,7.73556828499
78,158.944,-24.4727935791,37.8371122908,114.391219612,-0.626239836216,0.48341318965,7.80006051064
79,158.94,-24.4782867432,37.837112531,114.391219748,-0.615253150463,0.48341318965,7.94214701653
80,158.943,-24.4782867432,37.8371127513,114.391219902,-0.60426646471,0.48341318965,8.00054478645
81,158.938,-24.4727935791,37.8371129963,114.391220036,-0.609759807587,0.4943998456,8.13295650482
82,158.939,-24.4672985077,37.8371132958,114.391220189,-0.598773181438,0.499893188477,8.19804620743
83,158.937,-24.4782867432,37.8371135433,114.391220314,-0.593279838562,0.4943998456,8.33506202698
84,158.94,-24.4727935791,37.8371138505,114.391220533,-0.609759807587,0.48341318965,8.3997964859
85,158.941,-24.4672985077,37.8371141603,114.391220701,-0.615253150463,0.48341318965,8.5219707489
86,158.941,-24.4727935791,37.8371145028,114.391220892,-0.593279838562,0.488906532526,8.59880805016
87,158.936,-24.4782867432,37.8371148543,114.39122106,-0.593279838562,0.466933190823,8.72434568405
88,158.933,-24.4672985077,37.8371152727,114.391221279,-0.615253150463,0.450453191996,8.79825186729
89,158.932,-24.4563121796,37.8371156563,114.391221477,-0.615253150463,0.422986537218,8.93997836113
90,158.938,-24.4618053436,37.8371160763,114.391221683,-0.60426646471,0.411999881268,9.00216245651
91,158.926,-24.4618053436,37.8371165838,114.391221943,-0.615253150463,0.395519882441,9.13217067719
92,158.93,-24.4508190155,37.8371169953,114.391222158,-0.642719805241,0.373546570539,9.19944167137
93,158.93,-24.4508190155,37.8371174447,114.391222391,-0.670186460018,0.357066571712,9.33129191399
94,158.925,-24.4563121796,37.8371179125,114.391222682,-0.664693117142,0.329599916935,9.39942717552
95,158.926,-24.4343395233,37.8371183808,114.391222936,-0.65919983387,0.329599916935,9.52449369431
96,158.927,-24.4178600311,37.8371189013,114.391223188,-0.675679802895,0.313119918108,9.59996676445
97,158.929,-24.4288463593,37.8371193652,114.391223501,-0.697653114796,0.313119918108,9.73434925079
98,158.925,-24.4453258514,37.8371199447,114.391223811,-0.708639800549,0.313119918108,9.79999947548
99,158.925,-24.4398326874,37.8371204792,114.391224104,-0.725119769573,0.263679921627,9.93629932404
100,158.925,-24.4343395233,37.8371211022,114.391224438,-0.741599798203,0.252693265676,9.99957585335
101,158.924,-24.4233531952,37.8371216997,114.391224783,-0.725119769573,0.241706594825,10.1343107224
102,158.916,-24.4288463593,37.8371223098,114.391225134,-0.719626426697,0.225226595998,10.2001502514
103,158.915,-24.4343395233,37.8371229795,114.391225427,-0.736106455326,0.203253269196,10.33522439
104,158.918,-24.4398326874,37.8371236197,114.391225837,-0.736106455326,0.192266613245,10.4022166729
105,158.911,-24.4178600311,37.8371242863,114.391226189,-0.719626426697,0.18677328527,10.5307810307
106,158.912,-24.3958854675,37.8371249777,114.391226604,-0.714133143425,0.148319959641,10.5993514061
107,158.914,-24.4123668671,37.8371257127,114.391226922,-0.736106455326,0.142826631665,10.7312726974
108,158.911,-24.4288463593,37.8371264197,114.391227347,-0.725119769573,0.104373306036,10.8000285625
109,158.904,-24.4178600311,37.8371272067,114.391227755,-0.708639800549,0.120853297412,10.9351649284
110,158.903,-24.3958854675,37.837127986,114.391228185,-0.697653114796,0.0988799706101,10.9996783733
111,158.903,-24.4013786316,37.8371287507,114.391228603,-0.681173145771,0.115359969437,11.1246187687
112,158.895,-24.4123668671,37.8371295423,114.391229027,-0.681173145771,0.109866634011,11.1976485252
113,158.886,-24.4013786316,37.8371303022,114.39122952,-0.670186460018,0.115359969437,11.3308551311
114,158.894,-24.3794059753,37.8371310923,114.39122994,-0.631733119488,0.153813287616,11.3981778622
115,158.893,-24.3794059753,37.837131945,114.391230454,-0.62074649334,0.18677328527,11.5241539478
116,158.889,-24.3958854675,37.8371327825,114.391230976,-0.637226462364,0.225226595998,11.5999648571
117,158.876,-24.3739128113,37.8371336573,114.391231413,-0.642719805241,0.274666577578,11.7213125229
118,158.877,-24.3629264832,37.8371344848,114.391231937,-0.615253150463,0.34607988596,11.7990274429
119,158.884,-24.351940155,37.8371353705,114.39123243,-0.631733119488,0.406506538391,11.9358830452
120,158.881,-24.351940155,37.8371362425,114.391232934,-0.648213148117,0.48341318965,11.9993255138
121,158.867,-24.3684196472,37.8371371715,114.391233467,-0.642719805241,0.560319840908,12.1347455978
122,158.87,-24.3684196472,37.8371380985,114.391234006,-0.626239836216,0.587786495686,12.2014622688
123,158.867,-24.3684196472,37.8371390635,114.391234545,-0.60426646471,0.609759807587,12.3384184837
124,158.873,-24.3848991394,37.8371400208,114.391235007,-0.576799809933,0.582293152809,12.4012446404
125,158.855,-24.3903923035,37.8371410415,114.391235581,-0.554826498032,0.560319840908,12.5362701416
126,158.859,-24.3848991394,37.8371420585,114.391236093,-0.538346529007,0.510879874229,12.5978972912
127,158.853,-24.3794059753,37.8371430913,114.391236681,-0.516373157501,0.488906532526,12.7224581242
128,158.854,-24.3848991394,37.8371441613,114.391237227,-0.472426533699,0.450453191996,12.7979197502
129,158.846,-24.406873703,37.8371452627,114.391237782,-0.450453191996,0.417493224144,12.9353504181
130,158.846,-24.4178600311,37.8371464058,114.391238432,-0.395519882441,0.368053227663,12.9999842644
131,158.844,-24.4233531952,37.8371476222,114.391238998,-0.313119918108,0.351573228836,13.1308202744
132,158.842,-24.4123668671,37.8371489605,114.391239744,-0.28565326333,0.258186578751,13.1984283924
133,158.835,-24.406873703,37.8371502982,114.39124054,-0.335093230009,0.241706594825,13.3341217041
134,158.837,-24.3958854675,37.8371516537,114.391241282,-0.335093230009,0.274666577578,13.3990547657
135,158.819,-24.3903923035,37.837153048,114.391242078,-0.302133232355,0.274666577578,13.531144619
136,158.822,-24.3848991394,37.8371544708,114.391242891,-0.307626575232,0.280159920454,13.5983476639
137,158.828,-24.3574333191,37.8371559283,114.391243709,-0.34607988596,0.318613231182,13.7236042023
138,158.827,-24.3244724274,37.8371573903,114.391244607,-0.313119918108,0.401013225317,13.7984242439
139,158.817,-24.3244724274,37.837158926,114.391245469,-0.280159920454,0.532853186131,13.9409482479
140,158.809,-24.3189792633,37.8371604835,114.391246396,-0.258186578751,0.653706490993,13.9983611107
141,158.804,-24.291513443,37.8371621395,114.391247277,-0.23621326685,0.736106455326,14.1339836121
142,158.807,-24.2640457153,37.837163832,114.391248166,-0.214239940047,0.741599798203,14.2001137733
143,158.798,-24.2530593872,37.8371655283,114.391249146,-0.230719938874,0.736106455326,14.3362028599
144,158.794,-24.2420730591,37.8371672783,114.391250085,-0.2471999228,0.725119769573,14.3983874321
145,158.79,-24.236579895,37.8371690393,114.391251092,-0.274666577578,0.736106455326,14.5295968056
146,158.8,-24.2475662231,37.8371708632,114.391252086,-0.324106574059,0.76906645298,14.6000080109
147,158.78,-24.3134860992,37.8371726545,114.391253087,-0.335093230009,0.752586424351,14.7293787003
148,158.784,-24.4343395233,37.8371745492,114.391254104,-0.318613231182,0.76906645298,14.80042243
149,158.777,-24.5716724396,37.8371764808,114.391255188,-0.351573228836,0.747093141079,14.9375851154
150,158.777,-24.7364730835,37.8371784173,114.391256293,-0.34607988596,0.664693117142,14.9995679855
151,158.773,-24.8902854919,37.8371803605,114.391257356,-0.395519882441,0.675679802895,15.1310012341
152,158.771,-25.0550861359,37.8371823358,114.391258483,-0.461439877748,0.598773181438,15.1991186142
153,158.763,-25.2528457642,37.8371843018,114.391259574,-0.543839812279,0.538346529007,15.3318958282
154,158.762,-25.4615917206,37.8371863387,114.391260772,-0.598773181438,0.488906532526,15.4131231308
155,158.754,-25.6593532562,37.8371883912,114.391261967,-0.637226462364,0.461439877748,15.5416448116
156,158.75,-25.8461265564,37.8371904202,114.391263215,-0.675679802895,0.439466536045,15.6115050316
157,158.741,-26.0274047852,37.8371924198,114.391264454,-0.73061311245,0.466933190823,15.7317092419
158,158.739,-26.2306594849,37.8371944898,114.391265704,-0.76906645298,0.510879874229,15.798204422
159,158.74,-26.4448986053,37.8371964652,114.391266933,-0.763573110104,0.582293152809,15.9354264736
160,158.733,-26.6646327972,37.8371985632,114.391268231,-0.791039764881,0.626239836216,15.9981281757
161,158.733,-26.8733787537,37.8372005753,114.391269471,-0.823999762535,0.631733119488,16.1318633556
162,158.725,-27.0656452179,37.8372026005,114.391270639,-0.845973074436,0.642719805241,16.1980066299
163,158.709,-27.2579116821,37.8372046053,114.391271944,-0.807519733906,0.488906532526,16.3348095417
164,158.7,-27.4611644745,37.8372067058,114.391273302,-0.725119769573,0.406506538391,16.399084568
165,158.7,-27.6479377747,37.8372087003,114.391274561,-0.697653114796,0.368053227663,16.5234515667
166,158.698,-27.8182315826,37.8372107087,114.391275906,-0.703146457672,0.340586572886,16.5979161263
167,158.691,-28.021484375,37.8372127283,114.391277206,-0.73061311245,0.373546570539,16.7301487923
168,158.673,-28.2192459106,37.8372147432,114.391278567,-0.736106455326,0.477919846773,16.7978117466
169,158.676,-28.4170055389,37.8372167715,114.391279934,-0.714133143425,0.439466536045,16.9344463348
170,158.662,-28.6147651672,37.8372187967,114.391281333,-0.752586424351,0.532853186131,16.9975159168
171,158.669,-28.7960453033,37.8372207705,114.391282705,-0.780053079128,0.521866500378,17.1302371025
172,158.663,-28.9718322754,37.8372227963,114.391284091,-0.813013076782,0.637226462364,17.1997227669
173,158.656,-29.1640987396,37.8372247668,114.391285414,-0.813013076782,0.692159771919,17.3304820061
174,158.647,-29.4003105164,37.8372267758,114.391286847,-0.791039764881,0.686666488647,17.3979144096
175,158.638,-29.6420173645,37.837228756,114.391288232,-0.791039764881,0.719626426697,17.5306913853
176,158.63,-29.8617515564,37.8372307682,114.391289585,-0.76906645298,0.664693117142,17.599032402
177,158.634,-30.0979652405,37.8372327262,114.391291001,-0.780053079128,0.587786495686,17.7230026722
178,158.626,-30.3396701813,37.837234726,114.391292446,-0.829493105412,0.615253150463,17.7988116741
179,158.618,-30.597858429,37.8372367217,114.391293918,-0.862453103065,0.598773181438,17.9350173473
180,158.607,-30.8725242615,37.8372386507,114.391295389,-0.873439729214,0.637226462364,17.9986219406
181,158.605,-31.1526832581,37.8372406343,114.391296889,-0.851466417313,0.741599798203,18.134275198
182,158.602,-31.4218578339,37.8372425905,114.391298406,-0.84047973156,0.774559795856,18.1982498169
183,158.601,-31.7020168304,37.8372446125,114.391299899,-0.851466417313,0.796533107758,18.3431386948
184,158.587,-31.9986572266,37.8372466092,114.391301349,-0.944853067398,0.725119769573,18.4110486507
185,158.583,-32.3392448425,37.8372485537,114.391302857,-1.02725303173,0.609759807587,18.5223267078
186,158.577,-32.7072982788,37.8372505287,114.391304375,-1.02725303173,0.538346529007,18.597233057
187,158.585,-33.1302833557,37.8372524217,114.391305974,-0.994293034077,0.439466536045,18.7237007618
188,158.56,-33.6246833801,37.8372542988,114.391307562,-0.906399726868,0.433973193169,18.7971639633
189,158.563,-34.1465492249,37.8372561623,114.391309153,-0.845973074436,0.411999881268,18.9356212616
190,158.557,-34.618976593,37.8372580243,114.39131079,-0.747093141079,0.428479880095,18.9990391731
191,158.548,-35.0584411621,37.8372598633,114.391312509,-0.642719805241,0.576799809933,19.1311032772
192,158.548,-35.5143890381,37.837261746,114.391314207,-0.626239836216,0.741599798203,19.1975393295
193,158.545,-36.0252685547,37.8372636747,114.391315723,-0.637226462364,0.686666488647,19.3298859596
194,158.516,-36.5910835266,37.8372655502,114.39131741,-0.587786495686,0.505386531353,19.3966910839
195,158.516,-37.2118301392,37.837267348,114.391319145,-0.466933190823,0.390026539564,19.5327460766
196,158.521,-37.8710289001,37.8372692047,114.391320862,-0.439466536045,0.318613231182,19.5957307816
197,158.516,-38.5851631165,37.8372710165,114.391322679,-0.510879874229,0.252693265676,19.7297914028
198,158.509,-39.293800354,37.837272819,114.391324505,-0.609759807587,0.2471999228,19.7986586094
199,158.496,-39.9530029297,37.8372745438,114.391326308,-0.648213148117,0.241706594825,19.9341144562
200,158.491,-40.6341743469,37.837276294,114.391328162,-0.631733119488,0.214239940047,19.997492075
201,158.493,-41.3702812195,37.8372780187,114.391330077,-0.615253150463,0.225226595998,20.130954504
202,158.488,-42.1338539124,37.8372797302,114.391331973,-0.65919983387,0.214239940047,20.197188139
203,158.471,-42.9084129333,37.8372813872,114.391333921,-0.681173145771,0.19775994122,20.3298799992
204,158.46,-43.7049484253,37.8372830305,114.391335889,-0.653706490993,0.137333288789,20.4032933712
205,158.464,-44.5234527588,37.8372847023,114.391337908,-0.65919983387,0.109866634011,20.5225450993
206,158.454,-45.3913993835,37.8372862945,114.391339989,-0.741599798203,0.137333288789,20.5972292423
207,158.435,-46.3362541199,37.8372879067,114.391342024,-0.791039764881,0.214239940047,20.7222971916
208,158.436,-47.3140678406,37.8372894572,114.391344098,-0.813013076782,0.252693265676,20.7968688011
209,158.432,-48.3632926941,37.8372910735,114.391346184,-0.807519733906,0.0933866426349,20.9323508739
210,158.426,-49.472946167,37.8372925472,114.391348314,-0.813013076782,-0.087893307209,20.9971995354
211,158.427,-50.6155586243,37.8372939673,114.391350475,-0.84047973156,-0.192266613245,21.1231412888
212,158.407,-51.7801437378,37.837295302,114.391352792,-0.851466417313,-0.23621326685,21.196770668
213,158.414,-52.939239502,37.8372966448,114.391354994,-0.818506419659,-0.18677328527,21.3343529701
214,158.399,-54.1038246155,37.8372979368,114.391357172,-0.76906645298,-0.181279942393,21.3970656395
215,158.406,-55.2244644165,37.8372991863,114.39135955,-0.76906645298,-0.159306615591,21.5229516029
216,158.387,-56.2627029419,37.8373003217,114.391361899,-0.780053079128,-0.0659199804068,21.5981469154
217,158.386,-57.2075576782,37.837301441,114.391364169,-0.736106455326,0.0769066438079,21.7226934433
218,158.371,-58.0315551758,37.8373026102,114.391366551,-0.631733119488,0.214239940047,21.7973747253
219,158.383,-58.6632881165,37.8373037472,114.391368771,-0.543839812279,0.335093230009,21.9346382618
220,158.375,-59.1137428284,37.8373049085,114.391371084,-0.505386531353,0.307626575232,21.9963848591
221,158.376,-59.3609428406,37.837306016,114.391373422,-0.565813183784,0.307626575232,22.1298027039
222,158.374,-59.4103813171,37.8373070562,114.391375828,-0.626239836216,0.324106574059,22.1963846684
223,158.352,-59.2675552368,37.8373081912,114.391378154,-0.631733119488,0.340586572886,22.3305230141
224,158.362,-58.9928894043,37.837309285,114.391380395,-0.615253150463,0.488906532526,22.3974933624
225,158.378,-58.5973701477,37.8373104263,114.391382674,-0.62074649334,0.527359843254,22.5214326382
226,158.338,-58.0864906311,37.8373116148,114.39138501,-0.598773181438,0.560319840908,22.5972790718
227,158.339,-57.504196167,37.8373127832,114.391387236,-0.576799809933,0.664693117142,22.7212703228
228,158.328,-56.8395042419,37.8373139907,114.391389544,-0.565813183784,0.653706490993,22.7972171307
229,158.333,-56.0374755859,37.8373152395,114.39139173,-0.576799809933,0.747093141079,22.9296782017
230,158.319,-55.0486755371,37.8373164538,114.391393856,-0.593279838562,0.76906645298,22.9966723919
231,158.311,-53.9115562439,37.8373177335,114.391396087,-0.582293152809,0.917386412621,23.1233184338
232,158.322,-52.60414505,37.8373190133,114.391398025,-0.576799809933,0.994293034077,23.1964786053
233,158.306,-51.0879859924,37.8373203435,114.391400063,-0.571306526661,1.07119965553,23.3206319809
234,158.31,-49.3356132507,37.8373217483,114.39140197,-0.593279838562,1.10415971279,23.3965330124
235,158.308,-47.4129447937,37.8373231135,114.391403804,-0.62074649334,1.13162636757,23.5185739994
236,158.307,-45.3584403992,37.837324549,114.391405566,-0.670186460018,1.28543961048,23.5945732594
237,158.295,-43.1885757446,37.8373260013,114.3914072,-0.697653114796,1.42277288437,23.7193806171
238,158.311,-40.9088401794,37.837327499,114.391408653,-0.692159771919,1.48869287968,23.7948818207
239,158.289,-38.4807891846,37.8373290595,114.391410134,-0.708639800549,1.53813290596,23.9338648319
240,158.271,-35.9703369141,37.837330625,114.391411404,-0.670186460018,1.49967956543,23.9961259365
241,158.286,-33.4763641357,37.8373321675,114.391412669,-0.631733119488,1.51066625118,24.1305282116
242,158.281,-30.9878845215,37.8373338207,114.391413776,-0.725119769573,1.58207952976,24.1959137917
243,158.291,-28.5048980713,37.8373354567,114.391414733,-0.796533107758,1.62053287029,24.3291623592
244,158.266,-26.0438861847,37.8373370277,114.391415611,-0.774559795856,1.64250612259,24.396904707
245,158.269,-23.5993537903,37.8373385307,114.39141629,-0.697653114796,1.53263950348,24.5203449726
246,158.268,-21.1328468323,37.8373401072,114.391416971,-0.648213148117,1.41178619862,24.5950312614
247,158.275,-18.6553535461,37.8373416338,114.391417534,-0.587786495686,1.36234629154,24.7207071781
248,158.254,-16.1888484955,37.8373430895,114.391418062,-0.587786495686,1.26895964146,24.7965226173
249,158.268,-13.7882623672,37.8373446528,114.391418376,-0.62074649334,1.23050630093,24.9405052662
250,158.264,-11.4261302948,37.8373461368,114.391418677,-0.587786495686,1.25247967243,24.9961006641
251,158.247,-9.0749835968,37.8373475785,114.391419028,-0.527359843254,1.27445292473,25.1297922134
252,158.255,-6.72383785248,37.8373490918,114.391419104,-0.4943998456,1.35685288906,25.1957597733
253,158.252,-4.37818527222,37.8373505533,114.391419198,-0.444959878922,1.38431954384,25.3293349743
254,158.251,-2.09845280647,37.8373519363,114.391419168,-0.373546570539,1.39530622959,25.3958964348
255,158.261,0.164799958467,37.8373534793,114.391419081,-0.318613231182,1.46671950817,25.5208678246
256,158.254,2.46650600433,37.837354926,114.391418977,-0.28565326333,1.51066625118,25.5968215466
257,158.239,4.76821184158,37.8373562907,114.391418786,-0.2471999228,1.54362618923,25.7188956738
258,158.256,7.00949144363,37.8373576998,114.391418326,-0.175786614418,1.47770619392,25.7968645096
259,158.249,9.26175689697,37.8373591837,114.391417985,-0.137333288789,1.40079963207,25.9296350479
260,158.263,11.5469837189,37.8373605705,114.391417509,-0.175786614418,1.30741298199,25.9962244034
261,158.254,13.799249649,37.837362028,114.391417045,-0.19775994122,1.24149298668,26.1285097599
262,158.233,15.9471416473,37.8373633545,114.391416497,-0.214239940047,1.1700797081,26.1962511539
263,158.224,17.9631938934,37.8373647047,114.391415897,-0.241706594825,1.12613296509,26.3226613998
264,158.229,19.8089542389,37.837365918,114.391415278,-0.241706594825,1.10965299606,26.3945763111
265,158.249,21.5393543243,37.8373671213,114.391414578,-0.2471999228,1.06021296978,26.519895792
266,158.236,23.1324195862,37.8373681567,114.391413946,-0.28565326333,1.032746315,26.5946042538
267,158.236,24.5332202911,37.8373691945,114.391413384,-0.280159920454,1.07119965553,26.7206168175
268,158.236,25.7582321167,37.837370108,114.391412803,-0.23621326685,1.16458630562,26.7958803177
269,158.214,26.8568992615,37.8373708818,114.39141223,-0.219733268023,1.20853292942,26.9305934906
270,158.216,27.8347110748,37.8373716113,114.391411724,-0.214239940047,1.20303964615,26.9960660934
271,158.201,28.6806850433,37.8373721983,114.391411336,-0.18677328527,1.18106627464,27.1293463707
272,158.208,29.4112987518,37.837372778,114.391410799,-0.170293286443,1.14261305332,27.195763588
273,158.21,30.0210571289,37.8373732422,114.391410503,-0.153813287616,1.10965299606,27.3201365471
274,158.214,30.5319385529,37.837373662,114.391410149,-0.142826631665,1.10965299606,27.3943455219
275,158.21,30.9659099579,37.837374023,114.391409892,-0.115359969437,1.12063968182,27.5196838379
276,158.201,31.3449516296,37.8373743268,114.391409648,-0.087893307209,1.13162636757,27.5946133137
277,158.208,31.6745510101,37.8373746155,114.391409455,-0.0549333170056,1.14261305332,27.7191712856
278,158.204,31.9492168427,37.8373748057,114.391409279,-0.0219733268023,1.13711965084,27.7939903736
279,158.203,32.1854286194,37.8373750072,114.39140904,0.0164799951017,1.13162636757,27.930439949
280,158.191,32.3996696472,37.837375278,114.391408946,0.0714133158326,1.12613296509,27.9957606792
281,158.201,32.5864448547,37.83737543,114.391408724,0.120853297412,1.12613296509,28.1279706955
282,158.192,32.7457504272,37.837375665,114.39140861,0.131839960814,1.13162636757,28.1948387623
283,158.197,32.8775901794,37.8373757643,114.391408406,0.109866634011,1.14261305332,28.3226425648
284,158.193,33.0039367676,37.8373759428,114.391408293,0.109866634011,1.15359961987,28.3941905499
285,158.203,33.1192970276,37.8373760425,114.391408204,0.120853297412,1.15909302235,28.5191195011
286,158.197,33.2236709595,37.8373761588,114.391408086,0.126346632838,1.14810633659,28.5959572792
287,158.2,33.3115615845,37.8373762623,114.391408006,0.131839960814,1.13711965084,28.7194623947
288,158.196,33.382976532,37.8373763915,114.391407903,0.137333288789,1.12613296509,28.7958974838
289,158.194,33.4434051514,37.837376548,114.391407837,0.131839960814,1.12613296509,28.9305746555
290,158.195,33.4928436279,37.837376625,114.391407788,0.120853297412,1.13711965084,28.9959728718
291,158.194,33.5312957764,37.8373766528,114.391407696,0.115359969437,1.14261305332,29.1205165386
292,158.191,33.5477752686,37.837376704,114.391407661,0.0988799706101,1.14261305332,29.1945083141
293,158.192,33.5587615967,37.837376686,114.39140773,0.0659199804068,1.13162636757,29.3226485252
294,158.19,33.5587615967,37.837376628,114.391407756,0.0274666585028,1.12063968182,29.3940653801
295,158.2,33.5532684326,37.837376579,114.391407794,0.0494399853051,1.12613296509,29.5204417706
296,158.203,33.5422821045,37.837376506,114.391407862,0.0659199804068,1.12063968182,29.5953371525
297,158.2,33.5203094482,37.8373764097,114.391407951,0.0549333170056,1.11514627934,29.7203929424
298,158.2,33.5038299561,37.8373763203,114.391408042,0.0659199804068,1.11514627934,29.7938067913
299,158.198,33.4873504639,37.8373762157,114.391408127,0.0823999792337,1.12063968182,29.934119463
300,158.2,33.4818572998,37.8373760657,114.391408211,0.0659199804068,1.11514627934,29.9943480492
301,158.194,33.4763641357,37.8373759065,114.391408386,0.0549333170056,1.10415971279,30.1219277382
302,158.199,33.4763641357,37.837375707,114.39140857,0.0494399853051,1.10965299606,30.1956450939
303,158.196,33.4928436279,37.8373754667,114.391408761,0.0329599902034,1.11514627934,30.3293719292
304,158.202,33.5258026123,37.8373752373,114.391408943,0.0274666585028,1.12063968182,30.3960268497
305,158.195,33.5642585754,37.8373749548,114.391409187,0.0439466536045,1.12613296509,30.5195679665
306,158.205,33.6246833801,37.8373746248,114.391409462,0.0439466536045,1.11514627934,30.5962786674
307,158.213,33.7125778198,37.8373743308,114.391409697,0.0329599902034,1.10965299606,30.7205262184
308,158.199,33.8224449158,37.8373739403,114.391410055,0.0164799951017,1.10965299606,30.7944467068
309,158.215,33.954284668,37.8373735602,114.391410404,0.00549333170056,1.12063968182,30.9294784069
310,158.214,34.1135902405,37.8373731278,114.391410824,-0.00549333170056,1.14261305332,30.9956440926
311,158.199,34.3058547974,37.8373726212,114.391411236,-0.0219733268023,1.17557299137,31.1217162609
312,158.208,34.5420684814,37.8373721037,114.391411717,-0.0274666585028,1.2140263319,31.1958203316
313,158.214,34.849697113,37.8373715507,114.391412267,-0.0219733268023,1.26895964146,31.3377866745
314,158.212,35.2232437134,37.8373709608,114.391412825,-0.0329599902034,1.30741298199,31.3963551521
315,158.219,35.6407356262,37.8373703157,114.391413402,-0.0604266487062,1.31839966774,31.5218997002
316,158.217,36.08020401,37.8373695835,114.391414036,-0.109866634011,1.34037292004,31.5962901115
317,158.221,36.5361480713,37.8373688965,114.391414705,-0.126346632838,1.30741298199,31.7220447063
318,158.231,37.0470275879,37.8373680978,114.391415415,-0.126346632838,1.29093289375,31.7943184376
319,158.224,37.6073493958,37.8373673535,114.391416101,-0.115359969437,1.2140263319,31.9326131344
320,158.226,38.1841468811,37.8373665867,114.391416823,-0.120853297412,1.10965299606,31.995695591
321,158.224,38.7060165405,37.8373658182,114.391417561,-0.109866634011,0.999786376953,32.128875494
322,158.227,39.2168960571,37.8373651077,114.391418377,-0.0494399853051,0.977813065052,32.1957139969
323,158.234,39.8486289978,37.8373644133,114.391419196,0.0494399853051,1.03823971748,32.3329772949
324,158.218,40.5682563782,37.8373637065,114.391419937,0.148319959641,1.08767962456,32.3956472874
325,158.225,41.216468811,37.837362993,114.391420716,0.18677328527,1.12613296509,32.5223002434
326,158.233,41.8207359314,37.837362333,114.391421486,0.170293286443,1.06570637226,32.5952484608
327,158.241,42.419506073,37.8373616635,114.391422274,0.142826631665,1.07119965553,32.7200849056
328,158.233,43.0512390137,37.8373610833,114.391423141,0.159306615591,1.10415971279,32.7955667973
329,158.232,43.6829719543,37.8373604143,114.391423909,0.192266613245,1.17557299137,32.9293301105
330,158.233,44.2707595825,37.8373598083,114.391424734,0.203253269196,1.23050630093,32.99482584
331,158.229,44.8091049194,37.83735916,114.391425646,0.241706594825,1.26895964146,33.1201198101
332,158.233,45.347454071,37.8373585305,114.391426375,0.258186578751,1.31290626526,33.1955704689
333,158.24,45.9242515564,37.8373579238,114.391427143,0.2471999228,1.33487963676,33.319486618
334,158.231,46.5175323486,37.8373573757,114.391428003,0.258186578751,1.37882626057,33.3977017403
335,158.24,47.1382789612,37.8373567275,114.391428829,0.269173264503,1.41178619862,33.5221502781
336,158.232,47.8194541931,37.8373561933,114.391429695,0.252693265676,1.4172796011,33.5963201523
337,158.24,48.5665473938,37.8373555633,114.391430599,0.263679921627,1.42277288437,33.7276492119
338,158.243,49.357585907,37.8373549505,114.391431539,0.307626575232,1.46671950817,33.7966866493
339,158.237,50.1980667114,37.8373544225,114.391432416,0.34607988596,1.51615953445,33.9343430996
340,158.23,51.1154518127,37.8373538547,114.391433425,0.395519882441,1.60405290127,33.9962611198
341,158.239,52.1152381897,37.8373532968,114.391434352,0.4943998456,1.7084261179,34.1285722256
342,158.23,53.1589698792,37.8373526865,114.391435305,0.598773181438,1.79631948471,34.1971678734
343,158.226,54.2521438599,37.8373521282,114.391436363,0.686666488647,1.85125279427,34.3288807869
344,158.228,55.383769989,37.8373516383,114.391437375,0.741599798203,1.85674607754,34.3959858418
345,158.229,56.5868110657,37.8373511293,114.391438418,0.791039764881,1.86223948002,34.5277984142
346,158.223,57.8777427673,37.8373505985,114.391439505,0.845973074436,1.86773276329,34.595480442
347,158.23,59.2400894165,37.8373500565,114.391440315,0.851466417313,1.76885282993,34.7194712162
348,158.248,60.5859565735,37.837349485,114.391441263,0.752586424351,1.47770619392,34.7955584526
349,158.282,61.8713951111,37.837349011,114.39144217,0.653706490993,1.09866631031,34.9336490631
350,158.282,63.1788063049,37.837348475,114.391443291,0.675679802895,0.796533107758,34.9958899021
351,158.247,64.5631256104,37.837348042,114.391444532,0.845973074436,0.626239836216,35.1299505234
352,158.267,65.9254760742,37.837347539,114.391445711,1.02175974846,0.571306526661,35.1959195137
353,158.302,67.2383804321,37.8373472123,114.391446643,1.02725303173,0.461439877748,35.3315906525
354,158.288,68.5732574463,37.8373469697,114.391447815,0.889919757843,0.411999881268,35.3941237926
355,158.286,69.8751831055,37.837346748,114.391448886,0.791039764881,0.477919846773,35.5326728821
356,158.282,71.0672302246,37.8373465142,114.391449875,0.785546422005,0.719626426697,35.5948419571
357,158.271,72.1768875122,37.8373464012,114.391450824,0.802026450634,0.889919757843,35.720972538
358,158.285,73.2370986938,37.8373460835,114.391451753,0.796533107758,0.972319722176,35.7960691452
359,158.296,74.2863235474,37.8373458643,114.391452709,0.752586424351,1.03823971748,35.9312622547
360,158.308,75.3520278931,37.8373456095,114.391453667,0.697653114796,1.032746315,35.9955101013
361,158.283,76.3957672119,37.837345512,114.391454631,0.65919983387,1.04373300076,36.128472805
362,158.289,77.4340057373,37.8373453827,114.391455573,0.631733119488,1.08218634129,36.1964390278
363,158.327,78.499710083,37.837345242,114.391456593,0.62074649334,1.13711965084,36.3295617104
364,158.303,79.5709075928,37.8373451253,114.391457514,0.626239836216,1.14261305332,36.396756649
365,158.307,80.6091461182,37.8373449687,114.391458473,0.65919983387,1.09866631031,36.518944025
366,158.281,81.5485076904,37.837344825,114.391459243,0.741599798203,1.01077306271,36.5973601341
367,158.295,82.3889923096,37.837344703,114.391460218,0.796533107758,0.950346410275,36.7214922905
368,158.295,83.202003479,37.8373447153,114.391460911,0.76906645298,0.983306348324,36.7972638607
369,158.241,84.0150146484,37.837344767,114.391462108,0.697653114796,1.02175974846,36.9318628311
370,158.25,84.7181625366,37.837344641,114.391462965,0.65919983387,1.06570637226,36.9959805012
371,158.23,85.3224258423,37.8373446477,114.391463777,0.631733119488,1.07669305801,37.1283037663
372,158.237,85.8772583008,37.8373445428,114.391464654,0.626239836216,1.07119965553,37.1951832771
373,158.23,86.4210968018,37.837344633,114.3914655,0.626239836216,1.11514627934,37.32071805
374,158.249,86.9319763184,37.837344608,114.391466341,0.587786495686,1.12613296509,37.3957631588
375,158.258,87.4098968506,37.837344596,114.391467249,0.532853186131,1.15909302235,37.5211384296
376,158.242,87.8713302612,37.8373445155,114.391468206,0.488906532526,1.1700797081,37.595338583
377,158.224,88.2943191528,37.8373445907,114.391469347,0.406506538391,1.2579729557,37.7192878723
378,158.221,88.6733627319,37.8373446892,114.39147038,0.274666577578,1.43925285339,37.7957344055
379,158.225,89.1183166504,37.8373446075,114.391471359,0.219733268023,1.58207952976,37.929946661
380,158.244,89.6072235107,37.8373445983,114.39147208,0.203253269196,1.60954618454,37.9957044125
381,158.254,89.859916687,37.837344503,114.391472988,0.153813287616,1.49967956543,38.1219844818
382,158.26,89.8873901367,37.8373443985,114.391473733,0.0604266487062,1.32938623428,38.1960039139
383,158.258,89.8873901367,37.8373443262,114.391474623,0.0274666585028,1.08218634129,38.3218243122
384,158.257,89.9478149414,37.8373444292,114.391475239,0.0988799706101,1.032746315,38.3952212334
385,158.236,90.0082397461,37.837344526,114.391475839,0.274666577578,1.03823971748,38.518124342
386,158.254,89.9917602539,37.8373444698,114.391476541,0.428479880095,1.12613296509,38.5972981453
387,158.264,89.9478149414,37.8373444868,114.391477144,0.521866500378,1.23050630093,38.71910429
388,158.257,89.9588012695,37.8373445755,114.391477638,0.554826498032,1.27445292473,38.7951641083
389,158.28,89.997253418,37.837344505,114.391478262,0.571306526661,1.29093289375,38.9294395447
390,158.294,89.9862670898,37.8373444483,114.391478968,0.565813183784,1.26346623898,38.9971501827
391,158.267,89.9478149414,37.8373444447,114.391479555,0.571306526661,1.2140263319,39.1273772717
392,158.277,89.9423217773,37.8373445097,114.391480264,0.60426646471,1.1920529604,39.1973595619
393,158.279,89.9697875977,37.8373445472,114.391480973,0.609759807587,1.17557299137,39.321228981
394,158.287,89.9752807617,37.8373445165,114.391481719,0.582293152809,1.15359961987,39.3964765072
395,158.278,89.9258422852,37.8373445515,114.391482344,0.543839812279,1.16458630562,39.5198097229
396,158.287,89.9038696289,37.837344581,114.391483059,0.538346529007,1.18655967712,39.5965003967
397,158.288,89.9258422852,37.8373446918,114.39148391,0.527359843254,1.29093289375,39.7190637589
398,158.314,89.9642944336,37.8373445927,114.391484903,0.516373157501,1.34586632252,39.7952480316
399,158.254,90.0082397461,37.837344627,114.391485803,0.538346529007,1.39530622959,39.9312601089
400,158.245,90.0741577148,37.8373446185,114.391486877,0.554826498032,1.38431954384,39.9949655533
401,158.254,90.1785354614,37.8373447142,114.391487942,0.598773181438,1.32938623428,40.1271934509
402,158.262,90.2938919067,37.8373446602,114.391488925,0.648213148117,1.27994632721,40.1949403286
403,158.227,90.4257354736,37.8373446202,114.391489966,0.741599798203,1.2140263319,40.3216300011
404,158.233,90.5301055908,37.8373446923,114.39149074,0.900906383991,1.18106627464,40.4070763588
405,158.255,90.5795440674,37.8373446622,114.391491396,1.05471968651,1.24149298668,40.5180950165
406,158.224,90.6344833374,37.8373446557,114.391492311,1.08767962456,1.26895964146,40.5957434177
407,158.239,90.6674423218,37.8373449017,114.391493022,0.999786376953,1.32389295101,40.7206323147
408,158.244,90.683921814,37.8373448932,114.391494035,0.917386412621,1.35135960579,40.7945461273
409,158.24,90.689414978,37.8373448767,114.391494517,0.884426414967,1.29093289375,40.9296693802
410,158.244,90.683921814,37.8373448227,114.391495203,0.889919757843,1.24698626995,40.995121479
411,158.241,90.6619491577,37.8373447897,114.39149603,0.950346410275,1.19754636288,41.1278970242
412,158.243,90.6399765015,37.8373448975,114.391496445,1.01077306271,1.18106627464,41.1947333813
413,158.237,90.6399765015,37.8373450718,114.391497123,1.03823971748,1.22501301765,41.3204700947
414,158.232,90.6564559937,37.8373450302,114.391497646,1.01626634598,1.26346623898,41.3947093487
415,158.243,90.6564559937,37.8373449423,114.391498281,0.999786376953,1.31839966774,41.5184998512
416,158.239,90.6454696655,37.8373448563,114.391498962,0.9887996912,1.35135960579,41.596378088
417,158.252,90.6454696655,37.837344855,114.391499459,0.977813065052,1.34037292004,41.7186388969
418,158.225,90.6399765015,37.8373449368,114.391500009,1.03823971748,1.38431954384,41.7956256866
419,158.252,90.6234893799,37.8373448992,114.391500345,1.08218634129,1.40079963207,41.9295845032
420,158.257,90.5960235596,37.8373449302,114.391500559,1.10415971279,1.44474625587,41.9949548244
421,158.277,90.5905303955,37.8373449962,114.391500747,1.14810633659,1.5051728487,42.1210851669
422,158.265,90.6125030518,37.8373448457,114.391500993,1.19754636288,1.54911959171,42.1946852207
423,158.261,90.6234893799,37.8373449007,114.391500874,1.2140263319,1.57658624649,42.3280107975
424,158.263,90.6125030518,37.8373448798,114.391500769,1.20853292942,1.57109284401,42.3953588009
425,158.263,90.6070098877,37.8373448915,114.391500754,1.13711965084,1.55461287498,42.5186545849
426,158.258,90.6234893799,37.837344917,114.391500693,0.9887996912,1.52165293694,42.5944228172
427,158.25,90.6234893799,37.8373449463,114.391500835,0.873439729214,1.51066625118,42.7181107998
428,158.243,90.6125030518,37.8373449337,114.391500873,0.911893069744,1.52165293694,42.7945249081
429,158.25,90.6125030518,37.8373449512,114.391500845,0.972319722176,1.54362618923,42.9279863834
430,158.248,90.6179962158,37.8373449462,114.391500838,0.977813065052,1.54911959171,42.9942805767
431,158.249,90.6125030518,37.837344938,114.391500833,0.983306348324,1.54362618923,43.1212632656
432,158.245,90.6070098877,37.8373449545,114.391500847,0.983306348324,1.54362618923,43.1932590008
433,158.247,90.6179962158,37.8373449552,114.391500843,0.977813065052,1.53813290596,43.3210523129
434,158.257,90.6179962158,37.837344976,114.391500838,0.983306348324,1.54362618923,43.3946428299
435,158.245,90.6125030518,37.8373449277,114.391500857,0.983306348324,1.54362618923,43.5187382698
436,158.246,90.6125030518,37.837344934,114.391500825,0.977813065052,1.54362618923,43.5934579372
437,158.248,90.6179962158,37.837344951,114.391500846,0.983306348324,1.54362618923,43.7189655304
438,158.242,90.6125030518,37.8373450245,114.391500672,0.983306348324,1.53813290596,43.794760704
439,158.243,90.6125030518,37.8373450325,114.391500666,0.983306348324,1.54362618923,43.9356241226
440,158.242,90.6125030518,37.8373450193,114.391500655,0.983306348324,1.54362618923,43.9933211803
441,158.243,90.6125030518,37.8373450033,114.39150067,0.983306348324,1.54362618923,44.121544838
442,158.244,90.6125030518,37.8373450273,114.391500658,0.983306348324,1.53813290596,44.1929116249
443,158.241,90.6179962158,37.8373450268,114.391500672,0.983306348324,1.54362618923,44.3278534412
444,158.249,90.6125030518,37.8373450473,114.391500669,0.983306348324,1.54362618923,44.3944499493
445,158.245,90.6125030518,37.8373450193,114.391500668,0.983306348324,1.54362618923,44.5186038017
446,158.246,90.6125030518,37.8373450112,114.391500665,0.9887996912,1.53813290596,44.5929608345
447,158.244,90.6125030518,37.8373450383,114.391500653,0.983306348324,1.53813290596,44.719148159
448,158.247,90.6125030518,37.8373450257,114.391500685,0.983306348324,1.53813290596,44.7953307629
449,158.243,90.6125030518,37.83734504,114.391500658,0.983306348324,1.53813290596,44.9286394119
450,158.244,90.6125030518,37.837345028,114.391500658,0.983306348324,1.53813290596,44.9953455925
451,158.24,90.6125030518,37.8373450443,114.391500623,0.983306348324,1.53813290596,45.1191785336
452,158.241,90.6125030518,37.83734503,114.391500637,0.983306348324,1.54362618923,45.1932516098
453,158.24,90.6125030518,37.8373450462,114.391500634,0.9887996912,1.53813290596,45.3272852898
454,158.246,90.6125030518,37.8373450292,114.391500653,0.983306348324,1.53813290596,45.3943314552
455,158.242,90.6125030518,37.8373450495,114.391500637,0.983306348324,1.53813290596,45.519241333
456,158.235,90.6125030518,37.8373450413,114.391500628,0.9887996912,1.54362618923,45.594170332
457,158.247,90.6125030518,37.8373449952,114.391500654,0.983306348324,1.54362618923,45.719448328
458,158.24,90.6125030518,37.8373450162,114.391500633,0.983306348324,1.54362618923,45.7940351963
459,158.24,90.6125030518,37.8373450267,114.391500646,0.983306348324,1.54362618923,45.9353234768
460,158.238,90.6125030518,37.8373450242,114.391500617,0.983306348324,1.53813290596,45.9941899776
461,158.241,90.6125030518,37.8373450308,114.391500629,0.983306348324,1.54362618923,46.1275384426
462,158.235,90.6179962158,37.8373450322,114.391500629,0.9887996912,1.54911959171,46.192843914
463,158.245,90.6125030518,37.8373450068,114.391500614,0.977813065052,1.53813290596,46.3211750984
464,158.237,90.6125030518,37.8373450123,114.391500637,0.983306348324,1.53813290596,46.3937911987
465,158.242,90.6179962158,37.837345043,114.391500637,0.9887996912,1.53813290596,46.5184454918
466,158.242,90.6125030518,37.8373450288,114.39150062,0.983306348324,1.54362618923,46.5932831764
467,158.238,90.6125030518,37.837345033,114.391500618,0.9887996912,1.54911959171,46.718760252
468,158.24,90.6179962158,37.8373449603,114.391500683,0.977813065052,1.53813290596,46.7941474915
469,158.24,90.6125030518,37.8373449542,114.391500704,0.983306348324,1.53813290596,46.9277207851
